Company Name,Round/Series,Amount,Location,About Company,Amount($),Sector,Year of Funding
TheCollegeFever,Seed,250000,Bangalore,"TheCollegeFever is a hub for fun, fiesta and frolic of Colleges.",250000.0,Media and Marketing,2018
Happy Cow Dairy,Seed,5840000.0,Mumbai,A startup which aggregates milk from dairy farmers in rural Maharashtra.,1000000.0,Agriculture,2018
MyLoanCare,Series A,9490000.0,Gurgaon,Leading Online Loans Marketplace in India,1000000.0,Fintech,2018
PayMe India,Angel,2000000,Noida,PayMe India is an innovative FinTech organization which offers short term financial suport to corporate employees.,2000000.0,FinTech,2018
Eunimart,Seed,,Hyderabad,Eunimart is a one stop solution for merchants to create a difference by selling globally.,1000000.0,E-commerce,2018
Hasura,Seed,1600000,Bengaluru,"Hasura is a platform that allows developers to build, deploy, and host cloud-native applications quickly.",1600000.0,SaaS,2018
Tripshelf,Seed,2336000.0,Kalkaji,Tripshelf is an online market place for holiday packages.,1000000.0,"Internet, Leisure, Marketplace",2018
Hyperdata.IO,Angel,7300000.0,Hyderabad,Hyperdata combines advanced machine learning with human intelligence.,1000000.0,Market Research,2018
Freightwalla,Seed,,Mumbai,Freightwalla is an international forwarder thats helps you manage supply chain by providing online tools including instant quotations.,1000000.0,"Information Services, Information Technology",2018
Microchip Payments,Seed,,Bangalore,Microchip payments is a mobile-based payment application and point-of-sale device,1000000.0,Mobile Payments,2018
BizCrum Infotech Pvt. Ltd.,Seed,,Delhi,Building Transactionary B2B Marketplaces,1000000.0,"B2B, Shoes",2018
Emojifi,Seed,,Bengaluru,"Emojifi is an app that provides live emoji, stickers & GIFs suggestions based on the typed words across chat platforms.",1000000.0,Internet,2018
Flock,Seed,,India,Flock is a real-time messaging and collaboration app for teams that speeds up and simplifies communication and boosts productivity.,1000000.0,Saas,2018
Freshboxx,Seed,,Hubli,"Freshboxx is incubated at Sandbox Startups, a unit of the Deshpande Foundation.",1000000.0,Delivery System,2018
Wide Mobility Mechatronics,Seed,,Bangalore,Wide Mobility Mechatronics is a Private Company limited by Shares,1000000.0,AI,2018
Pitstop,Seed,14600000.0,Bengaluru,Pitstop offers general repair and maintenance services for cars through its doorstep service vehicles.,1000000.0,Trasport,2018
Mihuru,Seed,150000,Mumbai,Mihuru is an online platform which gives micro loans for air travel .,150000.0,Technology,2018
Fyle,Seed,1100000,Bengaluru,Fyle is an intelligent expense management platform for enterprises.,1100000.0,SaaS,2018
AppWharf,Seed,,New Delhi,Appwharf is an intelligent assistant that helps find you the best-fit SaaS for your business.,1000000.0,AI,2018
Antariksh Waste Ventures Pvt ltd,Seed,73000.0,Chennai,Waste Management for Smart Cities,1000000.0,Internet of things,2018
Cogoport,Series A,6000000,Mumbai,Cogoport is a platform that provides freight buying industry with spot rates and bidding process for freight buyers.,6000000.0,Transport,2018
PaisaDukan,Seed,650000,Mumbai,A P2P lending marketplace platform,650000.0,Financial service,2018
Sleepy Owl Coffee,Seed,5110000.0,New Delhi,"Makers of a signature coffee that's exceptional in taste. It's super easy to brew, requires no equipment & ships to your door.",1000000.0,Food and Beverage,2018
BlueJack,Seed,9344000.0,Delhi,Delhi-based online used vehicles marketplace.,1000000.0,Transport,2018
PregBuddy,Seed,,Bengaluru,PregBuddy is a smart connected care platform for expecting mothers.,1000000.0,Healthtech,2018
AgNext Technologies,Series A,,Mohali,AgNext is an agricultural sensing and solutions company focused on building data-driven solutions for agricultural stakeholders,1000000.0,Agricture,2018
Pando,Seed,2000000,Chennai,A startup which digitizes logistics operations for Fortune 500 companies.,2000000.0,Logistics,2018
Mintifi,Seed,2000000,Mumbai,Online lending startup based in Mumbai.,2000000.0,Fintech,2018
Carcrew,Seed,2000000,Mumbai,India's Online Auto Repair Marketplace,2000000.0,Automotive,2018
NicheAI,Angel,,Hyderabad,Early stage Artificial Intelligence (AI) start up.,1000000.0,AI,2018
Chariot Tech,Seed,2920000.0,New Delhi,Chariot Tech is an Internet of Things (IoT) startup based in New Delhi.,1000000.0,Internet of Things,2018
Ideal Insurance Brokers/ 121Policy.com,Seed,1000000,Kolkata,Ideal Insurance Broking is one of the leaders in insurance broking domain.,1000000.0,Finance,2018
Loanzen,Seed,,Bangalore,Loanzen helps small businesses get unsecured working capital loans against their their pending invoices.,1000000.0,Financial service,2018
Mojro Technologies,Seed,650000,Bengaluru,Mojro envisions to be the world's largest technology-enabled logistics platform.,650000.0,Logistics,2018
Elemential,Seed,1000000,Mumbai,"Blockchain Development Platform To Design, Run & Scale Blockchain Networks.",1000000.0,Blockchain,2018
Loadshare,Series A,5000000,Bengaluru,LoadShare is India’s fastest growing logistics company,5000000.0,Logistics,2018
Yumlane,Series A,4000000,Mumbai,Food startup Yumlane operated by QwikPik Technology,4000000.0,"Food and Beverage, Food Delivery, Snack Food",2018
Kriger Campus,Seed,4380000.0,New Delhi,A Education Start Up.,1000000.0,Education,2018
Pipa+Bella,Series A,1000000,Mumbai,Pipa+Bella is an online store aimed at selling fashionable and affordable costume jewelry at par with international standards and trends,1000000.0,E-commerce,2018
Kaleidofin,Seed,2800000,Chennai,A fintech platform.,2800000.0,Financial service,2018
Chakr Innovation,Seed,,New Delhi,Chakr has developed the world’s first retro-fit emission control device for diesel generators.,1000000.0,Energy,2018
IndigoLearn,Seed,150000,Hyderabad,India's the premier education destination catering to the needs of aspiring students of the CA community.,150000.0,Education,2018
UClean,Seed,5840000.0,India,UClean is a tech enabled laundry service provider.,1000000.0,Cleantech,2018
Coutloot,Seed,1000000,Mumbai,The Fashion Re-commerce platform.,1000000.0,E-commerce,2018
Letstrack,Seed,1700000,New Delhi,"Letstrack GPS tracking devices to track your kids, bike, car and other vehicles. GPS trackers for Vehicle Tracking System in India.",1700000.0,Transport,2018
Pooltoo,Seed,,New Delhi,Pooltoo offers a premium ride sharing platform.,1000000.0,Transport,2018
Finzy,Seed,1300000,Bangalore,finzy is the premier peer to peer lending solution in India.,1300000.0,Fintech,2018
Fitternity,Seed,2000000,Mumbai,India's largest online fitness platform that provides an integrated eco-system to help users start & sustain their fitness journey,2000000.0,Healthtech,2018
Keito,Seed,,Pune,Building an Intelligent Digital Assistant.,1000000.0,AI,2018
Tolet for Students,Seed,730000.0,Jodhpur,"Reserve your Room, Hostel or Paying Guest, while relocating for higher education.",1000000.0,Hospitality,2018
Chai Kings,Seed,2920000.0,Chennai,Chai Kings is a tea retail chain,1000000.0,Beverage,2018
Dainik Jagran,Seed,5840000.0,Kanpur,Dainik Jagran is a media and communications group.,1000000.0,Entertainment,2018
Playtoome,Seed,2920000.0,Bengaluru,Playtoome is a live entertainment destination,1000000.0,Entertainment,2018
ONGO Framework,Angel,1000000,Hyderabad,ONGO Framework is a B2B IT and digital solution provider.,1000000.0,Technology,2018
Notesgen,Seed,1825000.0,New Delhi,A Global Peer-to-Peer and Peer-to-Group Learning Platform that helps students supplement their academic & competitive exam prep.,1000000.0,Education,2018
Arogya MedTech,Seed,2190000.0,Kolkata,Arogya MedTech is a Research & Development organization in Bio-Medical industry.,1000000.0,Healthtech,2018
Propshop24,Seed,500000,Mumbai,"Propshop24, a one-stop shop for a handpicked selection of 'fun'tastic products from around the world.",500000.0,E-commerce,2018
myUpchar,Series A,5000000,New Delhi,To bring health issues to people in their language.,5000000.0,Healthtech,2018
MissMalini Entertainment,Seed,15183999.999999998,Mumbai,"MissMalini Entertainment is a multi-platform new media network dedicated to Entertaining, Connecting & Empowering young Indians.",1000000.0,,2018
Rooter,Seed,6570000.0,India,Rooter is a mobile-based platform,1000000.0,Sports,2018
ZestMoney,Series A,13400000,Bangalore,Zest is India's first completely automated consumer digital lending platform.,13400000.0,Fintech,2018
alphaics Corporation,Seed,,Bengaluru,Advancing AI compute,1000000.0,IT,2018
MyDentistChoice,Seed,500000,Hyderabad,MyDentistChoice is a direct sales and distribution of dental equipment and accessories from top name manufacturers,500000.0,Healthtech,2018
Sattviko,Angel,,New Delhi,Sattviko fosters wellness and shares Indianness through the Sattvik way of cooking that is wholesome and tasty!,1000000.0,Beverage,2018
Sensibull,Seed,3650000.0,Bangalore,Investment Management Platform,1000000.0,Marketing,2018
Bombay Shaving Company,Series A,,New Delhi,Bombay Shaving Company is a Men's grooming startup,1000000.0,Lifestyle,2018
MedCords,Seed,3854399.9999999995,Pune,Medcords is India’s first holistic healthcare ecosystem on a cloud platform that makes health management easier,1000000.0,Lifestyle,2018
University Living,Seed,,New Delhi,University Living is an online global student housing marketplace.,1000000.0,Education,2018
&ME,Seed,,Bangalore,Food and Beverage startup focussing on developing products using ayurveda with modern science for women empowerment and fitness.,1000000.0,Beverage,2018
Enakshi,Seed,1168000.0,Ahmedabad,Enakshi is an online apparel brand for women.,1000000.0,Lifestyle,2018
Ultraviolette Automotive,Series A,8760.0,Bangalore,Ultraviolette is a startup working on electric two-wheelers and energy infrastructure.,1000000.0,Automative,2018
Inthree Access,Series A,4000000,Chennai,Inthree Access is an impact venture that connects the most inaccessible rural markets with products that can transform lives in Rural India.,4000000.0,Marketing,2018
BUGWORKS Research India,Series A,9000000,Bangalore,BUGWORKS is a drug discovery company.,9000000.0,Pharmaceutical,2018
Guardian.in,Seed,,Mumbai,GNC is a leading global specialty retailer of health and wellness products that takes pride to be the world's largest company,1000000.0,Healthtech,2018
PrestLoans,Seed,100000,New Delhi,"PrestLoans New age tech driven RBI regd NBFC helping businesses by providing easy, quick n hassle free loans.",100000.0,Fintech,2018
Wimoxez,Seed,20000,Hyderabad,"Data Intelligence Publishing Platform, We bring the best resources to learn valuable technologies which will shape tomorrow.",20000.0,Internet,2018
India Accelerator,Angel,,Gurgaon,India Accelerator runs mentorship-driven incubation and acceleration programs for start ups.,1000000.0,Incubator,2018
HappyEMI,Seed,1000000,Bangalore,HappyEMI is a point of sale digital lending platform that helps consumers finance their purchases in-store and online,1000000.0,Fintech,2018
Wishup,Seed,,Azadpur,Premium Personal Assistance service,1000000.0,IT,2018
Hansel.io,Series A,4000000,Bangalore,"Hansel, a mobile app management platform, provides the infrastructure that companies need, in order to personalize product experiences.",4000000.0,Technology,2018
Propelld,Seed,250000,Bengaluru,Propelld is a student education financing platform.,250000.0,Fintech,2018
PivotRoots,Series A,,Mumbai,Digital Marketing powered by Data & Technology; fueled by Design thinking,1000000.0,Marketing,2018
ZiffyHomes,Seed,120000,New Delhi,ZiffyHomes is a technology driven marketplace to find out home on rent.,120000.0,Real Estate,2018
Carmesi,Seed,4964000.0,Gurgaon,Carmesi is a brand of high-end menstrual-hygiene products in India.,1000000.0,Healthtech,2018
OckyPocky,Angel,,Haryana,OckyPocky is a interactive and personalised language learning app for preschool kids.,1000000.0,E-learning,2018
Racetrack,Seed,49932000.0,Bangalore,"Racetrack is a sales and support-focused AI-driven platform designed for education, real estate, and e-commerce sectors.",1000000.0,AI,2018
WHR,Seed,143145,Pune,"WHR is to make affordable healthcare a reality for all. Our vision is to make healthcare services easier, better and more accessible.",143145.0,Healthtech,2018
Asteria Aerospace,Seed,,Bangalore,Asteria Aerospace is a robotics and artificial intelligence company.,1000000.0,AI,2018
FabAlley,Series B,87600000.0,Noida,"FabAlley is the ultimate Indian fashion destination for fashion-forward, indie-chic girls. Founded in 2012, Tanvi Malik and Shivani Poddar",1000000.0,Lifestyle,2018
Tranzmeo,Pre-Seed,,Cochin,Tranzmeo Connect : is A Complete Comprehensive Anomaly forensic Solution with Actionable Insights.,1000000.0,AI,2018
SBI Life,Private Equity,742000000,Mumbai,SBI Life is one of the life insurance company that offers a range of life insurance plans and policies to protect you and your family.,742000000.0,Finance,2018
Studds Accessories,Private Equity,146000000.0,Faridabad,Studds Accessories is a scooter accessories service provider in India,1000000.0,E-commerce,2018
Design Cafe,Series B,292000000.0,Bengaluru,"Design + Execution Organization that delivers beautiful & innovative designs for Home Interiors, in any budget.",1000000.0,Real Estate,2018
NoPaperForms Solutions Pvt. Ltd.,Series B,3980000,New Delhi,"NoPaperForms is a marketing automation, lead nurture and enrolment management platform for educational institutions",3980000.0,SaaS,2018
Rays Power Infra,Venture - Series Unknown,292000000.0,Jaipur,Rays Power Infra is a leading integrated Solar Power Company.,1000000.0,Energy,2018
AuthMetrik,Grant,10000,Gurgaon,"SaaS, B2B, Security, Stop account sharing, Fraud Detection",10000.0,Technology,2018
Khidki,Seed,,Bangalore,Vernacular Social Network Focused on Town Level Content and Interactions,1000000.0,AI,2018
LetsTransport,Series B,146000000.0,Bangalore,Lets transport is a logistics solution provider.,1000000.0,Transport,2018
Next Digital Solutions,Angel,14599.999999999998,Kota,Next Digital Solutions is website design & Digital Marketing development company.,1000000.0,Marketing,2018
Portea Medical,Debt Financing,36500000.0,Bangalore,Portea Medical is the largest and fastest growing provider of in-home medical care in India today with a 24-city network.,1000000.0,Healthtech,2018
Aavas Financiers,Post-IPO Debt,292000000.0,Jaipur,"Aavas Financiers is engaged in the business of providing housing loans, primarily in the un-served, unreached and under-served market.",1000000.0,Fintech,2018
Swiggy,Series H,1000000000,Bangalore,Swiggy is a food ordering and delivery company that provides food service solutions for restaurants.,1000000000.0,Transport,2018
Milkbasket,Series A,7000000,Haryana,"Milkbasket delivers milk, bread, eggs, butter, juices and other daily need items, every morning, right at your doorstep, free of charge.",7000000.0,Beverage,2018
Nutrisattva (Proliva),Angel,,Anand,Nutrisattva is a protein innovation compan,1000000.0,Beverage,2018
Toppr,Series C,35000000,Mumbai,Toppr.com is an online preparation platform for entrance exams in India.,35000000.0,Edtech,2018
Jagaran Microfin,Debt Financing,80300000.0,Kolkata,Jagaran Microfin is a Microfinance institution which achieves a healthy amalgamation of social and financial,1000000.0,,2018
Vivriti Capital,Venture - Series Unknown,28500000,Chennai,Vivriti Capital is an online platform for institutional debt in India.,28500000.0,Financial service,2018
Be U Salons,Seed,4380000.0,New Delhi,Be U is India's first subscription based Salon Chain.,1000000.0,Lifestyle,2018
Impact Guru,Series A,2000000,Mumbai,"We're a Harvard incubated crowdfunding platform for nonprofits, social enterprises, startups and individuals.",2000000.0,Incubator,2018
MobiKwik,Series E,35040000.0,Gurgaon,MobiKwik is a payments backed fintech platform in India. MobiKwik App offers instant loans & investment products to the 500M masses of India,1000000.0,Fintech,2018
Stones2Milestones,Seed,,Gurgaon,Stones2milestones is a Gurgaon Based Learning Company.,1000000.0,Etech,2018
Generico,Series A,,Mumbai,Generico is the fastest growing specialized pharmacy retail chain of Generic medicines.,1000000.0,Healthtech,2018
Adiuvo Diagnostics,Seed,,Chennai,Adiuvo Diagnostics is a medical diagnostic device company based in India.,1000000.0,Healthtech,2018
DataTrained,Seed,17520000.0,Bangalore,"DataTrained is a educational platform, which operates an ed-tech startup on data science",1000000.0,Etech,2018
OneAssist,Debt Financing,2400000,Mumbai,OneAssist is a protection & assistance services platform.,2400000.0,Saas,2018
Satin Creditcare Network Limited (SCNL),Post-IPO Debt,30000000,New Delhi,Satin is a non-banking finance company providing individual loans to urban shopkeepers.,30000000.0,Finance,2018
APAC Financial Services,Private Equity,365000000.0,Mumbai,APAC Financial Services is a financial services platform.,1000000.0,Fintech,2018
Moglix,Series C,23000000,Noida,"Moglix is a supplier of industrial tools like hand tools, power tools, electrical, and safety equipment.",23000000.0,Technology,2018
SEDEMAC Mechatronics,Venture - Series Unknown,,Mumbai,SEDEMAC Mechatronics is technology company that distributes control-intensive products for automobiles.,1000000.0,"Automotive, Electric Vehicle, Renewable Energy",2018
MadGuy Labs,Venture - Series Unknown,150000,Hyderabad,MadGuy Labs is a Online Test-prep Platform.,150000.0,E-Learning,2018
Dee Dee Labs,Seed,,Pune,Dee Dee Labs is design and development lab with a primary focus on the development of next generation of bionic prostheses.,1000000.0,Healthtech,2018
FLEECA,Seed,,Jaipur,FLEECA is a Tyre Care Provider company.,1000000.0,,2018
Shop101,Series B,11000000,Mumbai,#1 Online Selling App. India’s leading social commerce platform. Setup free online store in 2 min. Sell own goods or resell Shop101 Supply.,11000000.0,E-commerce,2018
FeedMyPockets,Seed,6424000.0,Bangalore City,On Demand Staffing Platform,1000000.0,Marketing,2018
Housejoy,Series B,3240000,Bengaluru,Housejoy is a web-based platform that allows individuals to browse and book service providers for their homes.,3240000.0,Lifestyle,2018
Ambee,Angel,,Bangalore,Ambee is an Environment analytics startup.,1000000.0,Healthtech,2018
FoodBuddy,Seed,8760000.0,Belgaum,"FoodBuddy is a online food delivery portal, providing boundary breaking delivery.",1000000.0,Trasport,2018
Ninjacart,Series B,365000000.0,Bengaluru,Ninjacart is a B2B agri-marketing platform that connects vegetables and fruits farmers directly with businesses.,1000000.0,Agritech,2018
Olly Smart Credit Card,Seed,,New Delhi,Olly is a digital credit card for India's working masses and young people.,1000000.0,Fintech,2018
Zestl,Seed,,Pune,"No-Code Workflow Automation. Build enterprise applications in days with AI, Cognitive Automation, Collaboration and more built in.",1000000.0,AI,2018
BYJU’S,Private Equity,540000000,Bangalore,BYJU’s is an edtech company that is reinventing how students learn through its learning app.,540000000.0,Edtech,2018
Wakefit,Venture - Series Unknown,94900000.0,Bangalore,Wakefitkart is a mattress manufacturing company. We manufacture the best quality mattresses at affordable prices.,1000000.0,Manufacturing,2018
Hero Electric,Venture - Series Unknown,233600000.0,New Delhi,"Hero Electric, a 100% subsidiary of the Hero Group, is a pioneer in the Indian Electric Vehicle Industry.",1000000.0,Manufacturing,2018
Pentation Analytics,Seed,,Mumbai,Pentation as an Insurtech enables insurers and intermediaries with our Insurance Analytics Suite- an Insurance specific AI/ML Software Suite,1000000.0,Insurtech,2018
PerkFinance,Seed,900000,Bangalore,PerkFinance partners with employers to provide affordable loans to their employees at no cost to the company,900000.0,Fintech,2018
Roposo,Series C,10000000,Gurgaon,Roposo - TV by the People is a unique social media platform where people express visually with homemade videos and photos.,10000000.0,Socialmedia,2018
Plum Goodness,Series A,,Thane,Plum Haircare Is Silicone-Free & Sulphate-Free. Designed For Damaged & Dandruff-Free Hair,1000000.0,"Beauty, Health Care",2018
Drstore,Seed,,Mumbai,Drstore is a exclusive e- commerce platform.,1000000.0,Hospital,2018
Wow Venue,Venture - Series Unknown,1500000,Mumbai,Wow Venue is an online platform.,1500000.0,Event,2018
Chizel,Seed,,Pune,Chizel is a worlds most advanced cloud platform for on-demand manufacturing in 3D Printing and CNC Machining,1000000.0,Design,2018
OTO Capital,Seed,7300000.0,Mumbai,OTO Capital is a platform that allows you to own a car faster than ever.,1000000.0,Automative,2018
Boodmo,Seed,10220000.0,Gurgaon,boodmo.com - large online marketplace for auto parts in India.,1000000.0,Automative,2018
Khabri,Seed,,Haryana,Khabri is a digital audio platform for content in vernacular.,1000000.0,Socialmedia,2018
MyNewCar.in,Venture - Series Unknown,1000000,Gurgaon,MyNewCar.in offers new cars at best price with great deals. Book a new car online or request a doorstep test drive,1000000.0,Automative,2018
HalaPlay Technologies,Series A,5000000,Bangalore,A daily fantasy sports platform.,5000000.0,Entertainment,2018
PlanetSpark,Seed,2336000.0,Gurgaon,PlanetSpark is an after-school Maths and English learning program for pre teen kids between Grades 2nd to 7th.,1000000.0,Edtech,2018
WheelsEMI,Series B,14000000,Pune,"WheelsEMI is the brand name of NBFC, WheelsEMI Pvt. Ltd.",14000000.0,,2018
Forum for Innovation Incubation Research and Entrepreneurship,Grant,14964999.999999998,Margão,"FiiRE, a technology business incubator helps the startup process to move from the garage to the lab.",1000000.0,Incubator,2018
OYO,Series E,100000000,Gurgaon,OYO is an Indian hospitality startup that operates a network of budget hotels.,100000000.0,Hospitality,2018
Quikr,Debt Financing,80300000.0,Bangalore,"Quikr is a free classifieds and online marketplace that helps users sell, buy, rent, or discover anything across India.",1000000.0,Real  Estate,2018
Tabono,Seed,,Gurgaon,Tabono is a one stop environment for all your fitness solution.,1000000.0,Sports,2018
LearnApp,Seed,2920000.0,Noida,"Learnapp.co - Video courses & live classes in investing, trading, banking and finance.",1000000.0,Edtech,2018
Shopkirana,Venture - Series Unknown,2000000,Indore,Shopkirana connects brands and traditional retailers with the help of technology and supply chain innovation.,2000000.0,Technology,2018
Fric Bergen,Venture - Series Unknown,,Alwar,Fric Bergen is a leader in the specialty food industry.,1000000.0,,2018
Articbot,Grant,175200.0,Kannur,Articbot is a conversational AI platform for automated customer support and lead generation,1000000.0,AI,2018
BuildSupply,Series A,36500000.0,Gurgaon,India’s most advanced ERP system for the real estate,1000000.0,Real Estate,2018
Fusion Microfinance,Series E,759200000.0,New Delhi,Fusion Microfinance Pvt. Ltd. is an NBFC registered with RBI,1000000.0,Fintech,2018
Any time Doctor,Angel,,Chennai,Anytime Doctor is a Software company.,1000000.0,AI,2018
Go Payments,Corporate Round,,Mumbai,Go Payments was founded with the mission of assisting consumers with performing a whole host of financial services at their doorstep.,1000000.0,"Information Services, Information Technology",2018
Guiddoo World,Seed,800000,Mumbai,We build In-Destination Experiences!,800000.0,Transport,2018
ION Energy,Venture - Series Unknown,1041000,Mumbai,A stealth startup building a layer of infrastructure for highly efficient energy storage systems.,1041000.0,Energy,2018
UnoTag,Pre-Seed,100000,Bangalore,SaaS to verify counterfeit,100000.0,AI,2018
CivilCops,Pre-Seed,100000,Gurgaon,Gov-Tech,100000.0,Govtech,2018
Rockmetric,Grant,,Mumbai,"Smarter analytics to understand how each customer uses your product. Drive growth in conversion, retention and engagement.",1000000.0,IT,2018
Classworks India,Undisclosed,14599.999999999998,Chennai,"Saas, Web App, Mobile App, School Education",1000000.0,Technology,2018
Snapmint,Seed,,Mumbai,"Snapmint facilitates simplified, fairly-priced and hassle-free EMI options without a Credit Card.",1000000.0,Finance,2018
artbandhu,Pre-Seed,15000,Bangalore,Ai platform for Art and Creative Community,15000.0,Entertainment,2018
Survaider,Seed,500000,Bengaluru,Stethoscope for customer feedback !,500000.0,Customer feedback,2018
Credy,Seed,1400000,Bengaluru,Credy is a fintech platform that connects borrowers seeking capital with lenders seeking market beating returns.,1400000.0,Fintech,2018
iChamp,Seed,5000000,Gurgaon,iChamp is an e education innovation product from RNM E-Services Pvt Ltd.,5000000.0,E-Learning,2018
Qandle,Seed,1200000,Gurgaon,A cloud-based HR management and employee engagement platform.,1200000.0,AI,2018
Avishkaar Box,Seed,7300000.0,Delhi,"Avishkaar Box is just not another box full of material rather it is a well researched, thought through solution",1000000.0,Edtech,2018
Gegadyne Energy,Angel,,Mumbai,A Mumbai-based startup Electric Vehicle (EV) & Energy Storage company.,1000000.0,Automative,2018
HyperXchange,Series A,1000000,Pune,hyperXchange is India's fastest growing O2O marketplace for premium refurb gadgets,1000000.0,E-commerce,2018
Deftouch,Seed,,Bangalore,Deftouch is a mobile game development company that currently focuses on winning the Cricket gaming market with a social multiplayer game.,1000000.0,,2018
Doodhwala,Seed,2200000,Bengaluru,Doodhwala is an online milk delivery startup that offers over 70 varieties of milk along with a plan based on clients' requirement.,2200000.0,Delivery,2018
DronaHQ,Angel,500000,Mumbai,DronaHQ is an enterprise mobile engagement platform.,500000.0,Technology,2018
FastFox,Series A,14600000.0,Gurgaon,FastFox: Market Network for Home Rentals (India),1000000.0,Real Estate,2018
Colive.in,Seed,1800000,Bangalore,A technology powered network of Branded Serviced Homes conveniently located near educational institutions & workplaces.,1800000.0,consumer,2018
Agricxlab Private Limited,Seed,500000,Thane,Online marketplace where farmers and traders can sell their produce to B2B buyers,500000.0,E-commerce,2018
Corefactors,Seed,,Bangalore,"Corefactors is a leading campaign management, business communication and analytics company.",1000000.0,,2018
Fincash.com,Seed,150000,Mumbai,A startup in the personal finance space in India .,150000.0,Finance,2018
Pandorum Technologies,Series A,3600000,Bengaluru,Bengaluru based biotech startup.,3600000.0,Biotech,2018
Shirsa Labs,Seed,500000,Mumbai,Shirsa Labs is a cognitive skill assessment and training portal that provides children with fun educational games.,500000.0,Edtech,2018
PetSutra,Seed,1387000.0,Gurgaon,Gurugram-based Online petcare platform.,1000000.0,Pettech,2018
Awaaz De,Angel,,Ahmedabad,Awwaz.De develops inclusive mobile solutions that enable organizations to achieve last-mile connectivity for social impact.,1000000.0,Technology,2018
PinkBlue,Seed,300000,Bangalore,PinkBlue.in - Super-efficient supply-chain for clinical supplies,300000.0,Logistics,2018
Eduvanz,Angel,500000,Mumbai,"Eduvanz is new, innovative finance company, which is completely revolutionizing the student loan market.",500000.0,Fintech,2018
Rupeek,Series A,6830000,Bangalore,Rupeek is an asset backed online lending platform currently operating in the space of Gold loans.,6830000.0,Fintech,2018
Backpacker Panda Holidays Private Limited,Series A,1400000,Pune,Backpacker Panda is creating an ecosystem for youth accommodation and travel.,1400000.0,Transport,2018
Shape (School Health and Physical Education),Seed,200000,Pune,Physical education start up,200000.0,Education,2018
Placio,Seed,2000000,Noida,Placio is a student housing and a complete broker-free platform.,2000000.0,Real Estate,2018
Aviom India Housing Finance,Series A,21900000.0,New Delhi,Delhi based housing finance company.,1000000.0,Finance,2018
GenRobotic,Seed,,Trivandrum,A Robotic Company.,1000000.0,Market Research,2018
HeyHolidays,Seed,1000000,Bangalore,"HeyHolidays, a global player in online vacation rentals.",1000000.0,Transport,2018
Pratilipi,Series A,4300000,Bengaluru,Amazon's Kindle Direct Publishing for Indian Languages,4300000.0,Ebook,2018
SectorQube,Seed,,Ernakulam,SectorQube develops smart kitchen devices that make food automatically.,1000000.0,Technology,2018
Food Memories,Seed,,Ahmedabad,Iconic Indian Delicacies from the most renowned vendors of India Delivered Globally.,1000000.0,Beverage,2018
ZAMROO,Seed,,India,Zamroo is a growing mobile marketplace that allows users to buy and sell locally.,1000000.0,E-commerce,2018
Silversparro Technologies Pvt. Ltd,Seed,300000,Gurgaon,Silversparro is a deep learning technology solution provider.,300000.0,AI,2018
Creator’s Gurukul,Angel,,Gurgaon,A coworking space provider.,1000000.0,Support sytem,2018
Emflux Motors,Seed,364846,Bengaluru,Emflux Motors is committed to bring clean and sustainable energy into a state of universal acceptance through technological innovation.,364846.0,Automative,2018
Tricog Health Services Pvt Ltd,Series A,4000000,Bangalore,Predictive Healthcare Analytics Company,4000000.0,Healthtech,2018
Scapic,Seed,500000,Bangalore,Virtual/Augmented Reality Start Up .,500000.0,Technology,2018
6Degree,Seed,400000,Mumbai,A fashion enterprise that provides a launchpad to fashion talent and brands using a tech enabled platform,400000.0,Lifestyle,2018
Chrysalis (EZ Vidya),Seed,,Chennai,Chrysalis (EZ Vidya) is India’s leading educational research and innovation organization,1000000.0,Education,2018
Ekincare,Series A,1500000,Hyderabad,EKincare empowers you to take charge of your health by enabling you to monitor critical medical info and make it available anywhere.,1500000.0,Healthtech,2018
Streo,Seed,,Gurgaon,"Live stream music from nightclubs, bars & festivals!",1000000.0,Entertainment,2018
Groww,Seed,120000,Kormangala,Groww offers a new way of investing money.,120000.0,Fintech,2018
Cell Propulsion,Seed,1021999.9999999999,Bangalore,Cell Propulsion is an electric mobility startup that designs autonomous electric vehicles.,1000000.0,,2018
Chezuba,Angel,204400.0,Hyderabad,Chezuba is a web-based platform enabling skilled professionals to volunteer online with Non-profits worldwide,1000000.0,Software,2018
Ontrack Technologies Pvt. Ltd,Seed,,Bangalore,Ontrack provides affordable independent transport to those dependent on cabs and autos for commute by renting bikes on a monthly basis.,1000000.0,Transport,2018
Wealthtrust,Seed,500000,Mumbai,Wealthtrust offers a wealth manager application that enables its users to invest and manage their investments online.,500000.0,Technology,2018
Faclon Labs,Seed,,Mumbai,Faclon is an IoT and data analytics based tech startup building products to make cities and villages smart.,1000000.0,Internet of things,2018
Awign Enterprises,Seed,7300000.0,Bangalore,Operations and manpower outsourcing startup,1000000.0,E-commerce,2018
CollPoll,Seed,,Bangalore,World-class Enterprise System for Education.,1000000.0,Education,2018
Zyla Health,Seed,,New Delhi,Zyla is transforming the way healthcare is delivered in India with specific focus on high-risk chronic patients.,1000000.0,Healthtech,2018
Hubhopper,Series A,500000,Delhi,Get your daily dose of interest as summaries from news and magazine stories .,500000.0,Entertainment,2018
Rubix108 Technologies,Seed,1000000,Pune,Rubix Total App makes it effortless for Institutes to send home important information and updates about the day’s learning experiences.,1000000.0,IT,2018
Workflexi,Seed,1460000.0,Bangalore,"Be Smart, Work on Contract,Be Smart, Hire on Contract",1000000.0,Admin,2018
Streak,Seed,3285000.0,Bangalore,Algorithmic trading platform.,1000000.0,Financial service,2018
Kuants,Seed,730000.0,Gurgaon,Algorithmic trading platform.,1000000.0,Financial service,2018
NiYO Solutions,Series A,13200000,Bangalore,NiYO is a fintech company that helps salaried employees access company benefits and other financial services.,13200000.0,Fintech,2018
Hippo Video,Seed,,Chennai,A video recording and sharing software.,1000000.0,Software,2018
Satvacart,Seed,,Gurgaon,Satvacart is a Gurgaon’s largest online supermarket,1000000.0,E-commerce,2018
Daaki,Angel,,Bangalore,Sports Nutrition startup,1000000.0,Healthtech,2018
Simulanis,Seed,500000,New Delhi,A Delhi-based Augmented Reality and Virtual Reality technology development company.,500000.0,Entertainment,2018
MY CHIRAAG CAB,Seed,1000000,Jaipur,MY CHIRAAG CAB SERVICES PVT LTD,1000000.0,Transport,2018
WOTU,Seed,,Bangalore,It operates a business-to-business e-commerce portal for food and beverages.,1000000.0,Food and Beverage,2018
Flathalt,Angel,50000,Gurgaon,FInd your Customized Home here.,50000.0,,2018
True Elements,Seed,7300000.0,Pune,True elements offers a range of high-quality snacks and supplements that are inspired by natural foods consumed by our ancestors.,1000000.0,Beverage,2018
Trendlyne Technologies,Seed,200000,Bangalore,Trendlyne Technologies is a stock market analytics platform and marketplace for retail investors.,200000.0,Financial service,2018
Planys Technologies,Series A,20469200.0,Chennai,Planys Technologies is India’s first and only manufacturer of compact ROVs providing underwater robotic inspection and survey solutions.,1000000.0,AI,2018
HealthPlix,Series A,3000000,Bangalore,HealthPlix is a healthtech startup,3000000.0,Healthtech,2018
dishq,Seed,400000,Bengaluru,dishq leverages food science and machine learning (AI) to understand and predict people's tastes.,400000.0,,2018
Entropik Technology,Seed,1100000,Bengaluru,The boundaries between Human and Machines are shrinking fast.,1100000.0,AI,2018
myHQ,Series A,500000,Delhi,myHQ turns your everyday coffee space into a perfect work zone. Get an amazing work environment without paying any rent.,500000.0,Real Estate,2018
Trell,Seed,1250000,Bangalore City,Trell is a location based network which helps you in exploring amazing experiences and annotating places around you.,1250000.0,,2018
Kidovators (by GyanLab),Seed,180000,Bangalore,Building future human capital through 21st Century Skills programs for K-12,180000.0,AI,2018
Log 9 Materials,Seed,4380000.0,Uttar Pradesh,Log 9 Materials is a nano-materials manufacturing and RnD startup,1000000.0,Nanotech,2018
VTION,Seed,2803200.0,Gurgaon,VTION is a media technology innovation firm aiming to solve key problems in the media based ecosystem.,1000000.0,Entertainment,2018
HousingMan.com,Seed,15037999.999999998,Bengaluru,"New Apartments, Flats for Sale in Bangalore",1000000.0,,2018
Steradian Semiconductors,Seed,,Bangalore,It is a fabless semiconductor company focused on CMOS millimeter wave products for Radar.,1000000.0,,2018
RupeeCircle,Seed,5840000.0,Mumbai,RupeeCircle is a new age finance company.,1000000.0,Fintech,2018
Wooden Street,Series A,1000000,Jaipur,Woodenstreet.com ensures to fulfill customer’s unique furniture requirements by crafting one-of-a-kind furniture pieces.,1000000.0,Design,2018
The Ken,Series A,1500000,Bengaluru,The Ken is India’s first subscriptions-only business news site,1500000.0,Entertainment,2018
SaffronStays,Seed,2000000,Mumbai,SaffronStays connects travellers to India's Incredible hosts.,2000000.0,,2018
Vebbler,Seed,,Bengaluru,A personal network for close people,1000000.0,Social Media,2018
Foyr,Series A,4200000,Pune,"Foyr.com is India's first online, automated interior designer",4200000.0,Design,2018
MEngage,Seed,175000,Jaipur,MEngage is a mass consumer engagement application for doctors on both android and IOS platforms.,175000.0,Healthtech,2018
Inner Being Wellness,Angel,5110000.0,Hyderabad,"Inner Being Wellness manufactures beauty, wellness, and nutrition products.",1000000.0,,2018
Kobster,Seed,,Chennai,Kobster is a pioneer of B2B eProcurement and an eMarketplace providing Corporates an end-to-end solution for their procure-to-pay cycle.,1000000.0,Ecommerce,2018
Wishberry,Series A,14600000.0,Mumbai,Wishberry is a rewards-based crowdfunding platform that enables users to raise funds for their creative and innovative ideas.,1000000.0,Fintech,2018
McXtra,Seed,1300000,Andheri,McXtra is a digital insurance broking startup.,1300000.0,Fintech,2018
Magic Crate,Seed,,Bangalore,"Magic Crate is a theme based stimulating, fun and learning activity box for 4-8 year olds that is mailed to your doorstep every month.",1000000.0,Edtech,2018
SmartVizX,Seed,1450000,Noida,It is a Virtual Reality Solutions StartUp,1450000.0,Entertainment,2018
MySEODoc,Seed,,Delhi,"SEO, PPC, Search Engine Marketing, Social Media Optimization, Content Marketing, Brand Reputation Management",1000000.0,,2018
ENLYFT DIGITAL SOLUTIONS PRIVATE LIMITED,Seed,29199.999999999996,Pune,Digital Marketing Agency,1000000.0,,2018
Scale Labs,Seed,1000000,Delhi,Scale Labs is a cross border e-commerce solutions provider that drives global trade for brands.,1000000.0,,2018
HungerBox,Series A,4500000,Bengaluru,HungerBox is a full stack B2B F&B technology company delivering food solutions for the corporates in India.,4500000.0,Beverage,2018
Biryani By Kilo,Seed,1000000,Noida,BBK delivers both authentic taste of Hyderabadi and Lucknowi Biryani prepared in individual earthen Handis with the freshest ingredients.,1000000.0,Beverage,2018
Wholesome Habits (EAT Anytime),Seed,500000,Mumbai,Wholesome Habits (EAT Anytime) is a healthy snacks Company.,500000.0,Beverage,2018
GoBumpr,Seed,600000,Mylapore,Car Service and Bike Service Mobile App,600000.0,Automative,2018
Fixpocket,Seed,250000,Ahmedabad,Fixpocket is a internet-based startup.,250000.0,Technology,2018
edureka!,Series A,2000000,Bangalore,"Edureka is the fastest growing online learning platform that offers live, instructor-led courses for professionals from various industries.",2000000.0,Edtech,2018
Hashtag Loyalty Private Limited,Seed,,Mumbai,Hashtag Loyalty is a customer engagement and marketing automation tool for local businesses.,1000000.0,E-commerce,2018
Wow Express,Series A,4500000,Mumbai,"WOW, as customers react to his studiously taught, trained, polite and courteous nature.",4500000.0,Technology,2018
ZunRoof,Angel,2423600.0,Gurgaon,ZunRoof is a rooftop focused solar startup.,1000000.0,Energy,2018
Eggoz,Angel,1752000.0,Indore,Eggoz is a full-stack layer poultry business operator & service provider .,1000000.0,Beverage,2018
Sqrrl Fintech,Seed,1000000,Gurgaon,Personal Finance,1000000.0,Fintech,2018
GalaxyCard,Seed,,Noida,GalaxyCard is a mobile based Instant credit card.,1000000.0,Fintech,2018
IndiQube,Series A,15000000,Bengaluru,IndiQube is a provider of co-working spaces based in Bengaluru.,15000000.0,Real Estate,2018
EGK Foods,Seed,2920000.0,Mumbai,A food processing enterprise registered with StartUp India .,1000000.0,Beverage,2018
NirogStreet,Seed,300000,Gurgaon,NirogStreet is an Ayurvedic doctor discovery and appointment booking platform where patients can easily find doctors and fix consultation.,300000.0,Healthtech,2018
Pixr8,Seed,50000,Ghaziabad,Pixr8 is a global media platform dedicated to Start-ups and business organisations for promoting entrepreneurship work.,50000.0,Incubator,2018
Nivesh.com,Seed,4380000.0,Noida,Nivesh.com is a mass market mutual funds investment platform.,1000000.0,fintech,2018
Theranosis Life Sciences,Seed,,Hyderabad,A fully functioning cell culture facility and molecular biology setup.,1000000.0,Biotech,2018
Poshmiles Online Solutions Private Limited,Seed,,Bengaluru,Poshmiles aims to help point travellers to long weekend trips at popular and undiscovered destinations based on budget & interest.,1000000.0,Transport,2018
Reculta,Seed,,Noida,A campus recruitment solution provider.,1000000.0,Edutech,2018
Orbo.ai,Seed,,Mumbai,Orbo is a computer vision and deep facial technology company.,1000000.0,Internet,2018
Inntot Technologies,Seed,,Kochi,"Inntot Technologies, is a technology driven company.",1000000.0,Technology,2018
Zoctr Health,Seed,,Powai,Zoctr Health Network is a first-of-its kind pan-India Home & Telehealth Company,1000000.0,Healthtech,2018
Hey Deedee,Seed,4818000.0,Mumbai,Hey Deedee is a Mumbai-based company that provides solutions to parcel delivery problems.,1000000.0,Trasport,2018
DigiConnectt Technologys,Seed,125000,Bengaluru,A technology company focused on introducing products that will accelerate and enhance sales productivity and effectiveness .,125000.0,"Information Services, Information Technology",2018
Locus.sh,Series A,4000000,Bangalore,Locus is an intelligent logistics automation platform.,4000000.0,Logistics,2018
Sports Flashes Pvt. Ltd,Seed,1000000,New Delhi,"Sports Flashes operates a sports content app that provides sports news, live scores, fantasy gaming, expert views, trivia, and more.",1000000.0,Esport,2018
Inc42,Seed,,New Delhi,Inc42 is one of the leading tech media publications of India.,1000000.0,Entertainment,2018
Picxy,Seed,130000,Guntur,"A stock photo startup based in Amravati, Andhra Pradesh.",130000.0,Internet,2018
Huddle,Seed,300000,Haryana,A coworking incubator Company.,300000.0,Incubator,2018
Benepik,Seed,,Gurgaon,HR Technology start-up.,1000000.0,Admin,2018
Cash Suvidha,Seed,1000000,New Delhi,Cash Suvidha is an Digital Lending Platform that provide working capital finance to SMEs and MSMEs in India.,1000000.0,Finance,2018
Smartcoin,Seed,2000000,Bangalore,Providing financial access to the millions of mobile users in India using alternative credit assessment,2000000.0,Fintech,2018
Carmel Organics,Series A,,Indore,"Carmel Organics is an India-based herb company engaged in sourcing, processing, and distributing herbal tea ingredients.",1000000.0,Agricuture,2018
Roadcast,Angel,250000,New Delhi,Transforming the way businesses deliver. Work-force & fleet mobility tools.,250000.0,,2018
Printline Media(ThePrint),Seed,5095400.0,New Delhi,A digital news platform.,1000000.0,Entertainment,2018
Creditas Solutions,Seed,,Gurgaon,Creditas was set-up in 2015 with an aim to help Financial Institutions find better ways to reach and interact with their customers.,1000000.0,Financial service,2018
UrbanPiper,Seed,,Bengaluru,UrbanPiper offers restaurants and chains with a suite of products to manage and analyze their online presence.,1000000.0,AI,2018
Doxper,Seed,10512000.0,Mumbai,Doxper is Health tech startup which has created a digital pen and coded paper system for doctors to record patient information,1000000.0,Healthtech,2018
i2ifunding,Angel,7300000.0,Noida,i2ifunding is an online marketplace that connects borrowers looking for personal loans with investors looking for alternative investments.,1000000.0,Fintech,2018
ShakeDeal,Seed,,Bangalore,Home of B2B Commerce,1000000.0,E-commerce,2018
HelloVerify,Seed,,Noida,HelloVerify is an online background check platform.,1000000.0,Software,2018
Fasal,Seed,120000,Bengaluru,Climate Smart Precision Agriculture Platform,120000.0,Agriculture,2018
CoinGeto,Seed,17520000.0,Delhi,CoinGeto is one of India’s most advanced digital assets exchange.,1000000.0,Crypo,2018
Avail Finance,Series A,17200000,Bangalore,Avail is a mobile-first platform aiming to financially include the urban mass of India.,17200000.0,Fintech,2018
Tripeur,Seed,600000,Bengaluru,Radical Travel Automation - Cloud Based Corporate Travel & Expense Management Software,600000.0,IT,2018
Wedeterna,Angel,,Bangalore,"Wedeterna is a new-age, personalised and fresh approach to arranged marriages, DIY matrimonial community with only self created profiles.",1000000.0,Software,2018
Stumagz,Seed,,Hyderabad,Stumagz is about connecting with Stories Stumagz is about collaborating with people Stumagz is about creating a Cult.,1000000.0,Entertainment,2018
Doubtnut,Seed,5110000.0,Gurgaon,Gurgaon based E-learning platform.,1000000.0,Edtech,2018
MCaffeine,Seed,4672000.0,Mumbai,MCaffeine is India's First Caffeine Infuse Personal Care Brand. It's an extension to the hyperactive lifestyle and individualistic identity.,1000000.0,E-commerce,2018
TrustCheckr,Angel,100000,Bengaluru,A Bengaluru-based fraud analytics solution provider .,100000.0,IT,2018
HealthAssure,Seed,1000000,Mumbai,HealthAssure provides access to Discounted & High Quality primary care medical network.,1000000.0,Healthtech,2018
Picture TIme,Seed,36500000.0,New Delhi,Operator of low-cost mobile cinema theatres in rural areas.,1000000.0,Entertainment,2018
1Crowd,Angel,3500000,Mumbai,Equity crowd funding platform focused on connecting investors with a host of extremely promising Indian start-ups and early stage ventures,3500000.0,Fintech,2018
Aarav Unmanned Systems,Seed,,Bangalore,Professional Drones for Enterprise Applications,1000000.0,AI,2018
Wellthy Therapeutics Pvt Ltd,Seed,19710000.0,Mumbai,"Wellthy is a digital therapeutics company focused on improving patient health through the intersection of technology, and clinical outcomes.",1000000.0,Healthtech,2018
Nua,Seed,,Mumbai,Nua is an e-commerce and feminine care brand platform focused on creating women care products.,1000000.0,E-commerce,2018
Kuvera.in,Angel,250000,Bangalore,An online platform for mutual fund investments.,250000.0,Financial service,2018
Livehealth,Seed,1100000,Pune,Livehealth is an end-to-end collaborative report management solution. We help you get your medical reports instantly from various health,1100000.0,Healthtech,2018
Gramophone,Seed,1000000,Indore,An agricultural inputs startup Company.,1000000.0,Agriculture,2018
Ora,Seed,,Kolkata,Ora is an online marketplace of unique accommodations. Awarded as among top 3000 startups in India by IIM Kolkata.,1000000.0,E-commerce,2018
Buddy4Study.com,Series A,3000000,Noida,Buddy4Study is the best scholarship search engine for Indian students. It also helps organizations to set up their own scholarship schemes.,3000000.0,Edtech,2018
Predible Health,Seed,,Bangalore,Healthcare devices for cancer detection,1000000.0,Healthtech,2018
Syncremedies Healthcare Pvt Ltd,Seed,,Bangalore,"Syncremedies is an Integrated Medicine service that brings together Allopathy, Ayurveda and Homeopathy to treat chronic ailments.",1000000.0,Healthtech,2018
Blueleaf Cyberspace Systems,Seed,,Bangalore,Bluleaf Cyberspace is Cloud Based Software Company.,1000000.0,Software,2018
Toffee,Seed,1500000,Gurgaon,"Toffee is a bite size, micro-event & contextual insurtech startup which aims to de-jargonise the insurance buying experience.",1500000.0,,2018
ORO Wealth,Series A,1600000,Mumbai,Online wealth management platform,1600000.0,,2018
HealWell24,Seed,200000,Mumbai,"HealWell24 is India's emerging technology-empowered healthcare company, aiming to bring world-class quality healthcare services anywhere.",200000.0,Healthtech,2018
Acko General Insurance,Series A,12000000,Mumbai,Acko General Insurance is a digital insurance company in India that redefines insurance for the consumers.,12000000.0,Fintech,2018
arzooo.com,Seed,2190000.0,Bangalore,E-commerce website promising the best price on any product a consumer buys anywhere on the internet.,1000000.0,E-commerce,2018
Bonphul Air Products,Angel,2920000.0,Delhi,A clean tech product Company,1000000.0,Cleantech,2018
DheeYantra Research Labs,Seed,,Bangalore,"DheeYantra is building a cognitive conversational chatbot platform by name ""dhee.ai"" for vernacular languages",1000000.0,AI,2018
Edyoo,Seed,1000000,Bengaluru,"Edyoo.com is a technology platform that offers the most intuitive design, flexibility, and ease of use.",1000000.0,Education,2018
Chtrbox,Angel,1460000.0,Mumbai,Chtrbox connects social media influencers with brands .,1000000.0,Entertainment,2018
Aashiyaan Housing and Development Finance,Seed,19710000.0,Kolkata,Provide housing finance to those in the informal sector enabling the hither to un-served to own a home of their own.,1000000.0,Financial service,2018
BetterPlace Safety Solutions Pvt. Ltd.,Series A,3000000,Bangalore City,"BetterPlace provides businesses with contractor workforce management, including onboarding, training, and background checks.",3000000.0,SaaS,2018
Cashkumar,Seed,7300000.0,Bengaluru,A P2P Lending Platform connecting millions of financially under-served & new to credit borrowers with investment savvy lenders in India,1000000.0,Fintech,2018
Rocketium,Seed,2920000.0,Bangalore,Easy video creation for social media.,1000000.0,Entertainment,2018
FreightBazaar,Seed,,Hyderabad,FreightBazaar.com is an online platform that connects Truck suppliers with Truck users.,1000000.0,Transport,2018
OPEN,Seed,,Bangalore,Open up to a new world of Banking,1000000.0,Fintech,2018
mfine,Series A,4200000,Bengaluru,Hospital & Health Care Start up,4200000.0,Healthtech,2018
Earth Food,Seed,9344000.0,Pune,Earth Food is a healthy Food Start Up.,1000000.0,Beverage,2018
Charcoal Eats,Seed,7300000.0,Mumbai,Charcoal Eats aims to bring Dominos style standardisation.,1000000.0,Agriculture,2018
Wishfie,Seed,,Bangalore,A platform for people to express their opinions in form of short videos around any topic.,1000000.0,Software,2018
The Social Hook,Seed,,Bengaluru,Fast growing Influencer Marketing platform in India.,1000000.0,E-commerce,2018
FreightBro,Seed,,Mumbai,Software for the new-age freight,1000000.0,Transportation,2018
Finwego,Seed,,Chennai,Finwego partners with Small and Medium Businesses in India to offer convenient and responsible credit to their employees,1000000.0,,2018
Cricnwin,Seed,,Gurgaon,Cricnwin is a Gurugram - based Fan Engagement Platform,1000000.0,Esports,2018
Wicked Ride Adventure Services Private Limited,Venture - Series Unknown,10000000,Bangalore,Peer-to-Peer motor vehicles sharing,10000000.0,"Automotive, Last Mile Transportation, Peer to Peer, Ride Sharing",2018
Career Anna,Seed,5840000.0,Bangalore,India's Go to Career Commerce Portal,1000000.0,Software,2018
ERUDITUS Executive Education,Series C,40000000,Mumbai,"Eruditus, promoted by Alumni of INSEAD and other top business schools, delivers high quality executive education programmes",40000000.0,Edtech,2018
Gaia Smart Cities,Seed,,Mumbai,Gaia Smart Cities is an early leader in the rapidly-emerging Internet of Things (IoT) marketplace.,1000000.0,"Smart Cities, Telecommunications",2018
Square Off,Seed,1100000,Mumbai,Delivering Imagination,1100000.0,"Internet of Things, Robotics",2018
UrbanClap,Series D,50000000,Delhi,UrbanClap is India's leading managed marketplace for home services.,50000000.0,E-commerce,2018
Hospals,Seed,1500000,New Delhi,Hospals is a medical tourism company.,1500000.0,Transport,2018
Kogta Financial India Limited,Series B,224840000.0,Jaipur,Kogta Financial (India) Ltd is a retail-focused non banking financial company .,1000000.0,Financial service,2018
Perspectico,Seed,,New Delhi,An Education Management startup.,1000000.0,Edtech,2018
The Souled Store,Venture - Series Unknown,3000000,Mumbai,"The Souled Store bring to you awesome t-shirts, framed prints, badges, notebooks, coasters.",3000000.0,Design,2018
Hush - Speak Up. Make Work Better,Seed,6570000.0,Bangalore,Enabling diversity of opinions in organizations,1000000.0,Lifestyle,2018
Drivezy,Debt Financing,100000000,Bengaluru,Drivezy is India's largest vehicle sharing platform which helps people turn their vehicles into earning members of their family.,100000000.0,Automative,2018
Freyr Energy,Series A,1500000,Hyderabad,"Freyr Energy is a company that provides full service solar provider based in Hyderabad, India.",1500000.0,Energy,2018
NIRAMAI Health Analytix,Seed,6000000,Bangalore,NIRAMAI has developed a novel breast cancer screening solution that uses Thermalytix.,6000000.0,Healthtech,2018
CloudSek,Seed,20440000.0,Bengaluru,Cloudsek is an Infosec Risk assessment company which provides intelligence needed to tackle online threats.,1000000.0,Technology,2018
Lendbox,Seed,8760000.0,Delhi,Lendbox is India's leading peer-to-peer lending online lending platform.,1000000.0,Fintech,2018
Verloop,Series A,3000000,Bangalore,Verloop is an automated customer support and engagement platform.,3000000.0,Software,2018
Flickstree,Seed,,Mumbai,"Flickstree is a smart video content aggregator, powered by Artificial Intelligence.",1000000.0,AI,2018
Paymatrix,Seed,100000,Hyderabad,India's Leading Property Rent management platform,100000.0,Real Estate,2018
Idha Skin Clinic,Seed,730000.0,Bangalore City,Idha skin clinic jayanagar is dedicated to restore health and natural beauty to your skin.,1000000.0,Lifestyle,2018
InCred,Private Equity,41900000,Mumbai,InCred Finance is a mumbai-based non-banking financial company,41900000.0,Fintech,2018
Vedantu,Series B,11000000,Bangalore,Vedantu provides personalized LIVE Online Tutoring. Vedantu aims to democratize teaching by creating a marketplace of Teachers,11000000.0,Edtech,2018
Sportido,Seed,,Noida,Sportido is a sports discovery app that helps you find people and places to play 700+ sports around you.,1000000.0,Sports,2018
Stelis Biopharma,Series B,100000000,Bangalore,Stelis Biopharma is a vertically integrated biopharmaceutical company,100000000.0,Pharmaceutical,2018
Magicpin,Series C,205860000.0,Gurgaon,"Magicpin is a platform where users and merchants in a locality discover, interact, and transact.",1000000.0,E-commerce,2018
Try & Buy,Seed,,New Delhi,Try & Buy,1000000.0,E-commerce,2018
Mech Mocha,Series B,3530000,Bangalore,Mech Mocha is a mobile gaming startup based in Bangalore working towards ‘Making India Play’ .,3530000.0,Entertainment,2018
Aye Finance,Debt Financing,10512000.0,Gurgaon,Aye Finance provides financial services to micro and small businesses in Northern India.,1000000.0,Fintech,2018
Aldopay,Seed,200000,Chennai,Mobile Wallet Focusing on hassle free checkout via Finger Print & OTP.,200000.0,Mobile Payments,2018
Detect Technologies,Series A,3300000,Chennai,Completely automated remote control system.,3300000.0,AI,2018
Signzy,Series A,35040000.0,Bangalore,Signzy are creating 'building blocks for a Digital Trust system.,1000000.0,AI,2018
CashRich,Seed,1000000,Mumbai,A Mumbai-based fin-tech startup,1000000.0,Fintech,2018
Cloudnine Hospitals,Private Equity,,Bangalore,Cloudnine is an Indian chain of women and child care hospitals.,1000000.0,Healthtech,2018
CropIn Technologies,Series B,84680000.0,Bengaluru,"To discover, develop and deliver innovative solution in Agtech Space",1000000.0,Agriculture,2018
Billdesk,Venture - Series Unknown,,Ahmedabad,"BillDesk, a property of IndiaIdeas.com Ltd. was conceived in early 2000 to solve the frustrations of most of us when it comes to paying",1000000.0,Real Estate,2018
Yaantra,Debt Financing,2000000,Delhi,"Yaantra, India’s leading mobile phone repair, refurbished & Unboxed centre In India",2000000.0,Software,2018
TECHBOOZE,Seed,100000,New Delhi,"Techbooze[1] ""AN OPEN FORUM"" is an educational enterprise, headquartered in India working across the country.",100000.0,Education,2018
HealthifyMe,Series B,6000000,Bangalore,HealthifyMe is an application that allows its users to achieve their fitness and weight loss goals from their computers and smartphones.,6000000.0,Lifestyle,2018
hoi foods,Seed,5256000.0,Gurgaon,India's first hotel dedicated food brand which promises great in room dining experience in budget hotels,1000000.0,Beverage,2018
Perpule,Series A,49640000.0,Bangalore,Perpule is a self-checkout product for retail outlets to enhance the shopping experience of the customers.,1000000.0,E-commerce,2018
Royal Sundaram General Insurance Co. Limited,Corporate Round,210000000,Kalpakkam,"Royal Sundaram provides comprehensive insurance plans and innovative insurance solutions to individuals, families and businesses.",210000000.0,Insurance,2018
CleanseCar,Angel,5110000.0,Bangalore,CleanseCar is a company provides Washing and Repair Services.,1000000.0,Automative,2018
DRIVEU,Venture - Series Unknown,10220000.0,Bengaluru,DriveU is a convenient and a quick way of getting on demand drivers for consumers and businesses,1000000.0,Trasport,2018
Spinny,Series A,11000000,Gurgaon,Used cars marketplace in India. Ushering new era of transparency and convenience.,11000000.0,E-commerce,2018
Asset Reconstruction Company (India) Ltd.,Secondary Market,,Mumbai,Asset Reconstruction Company (India) Ltd. operates as a asset reconstruction company.,1000000.0,Fintech,2018
Med365 Healthcare,Seed,7300000.0,Jaipur,"Wellness, Specialised Testing, Healthcare at Home",1000000.0,Healthtech,2018
Dunzo,Debt Financing,10220000.0,Bangalore,Dunzo is an app that connects you with the nearest available delivery partner to pickup or deliver items for you.,1000000.0,Transport,2018
Mobile Premier League (MPL),Series A,5000000,Bengaluru,Mobile Premier League(MPL) is a skill based E-Sports platform where you can play your favourite mobile games and win real cash always.,5000000.0,E-sports,2018
WalMart India,Venture - Series Unknown,37680000,Gurgaon,"Wal-Mart India Private Limited is a wholly owned subsidiary of Walmart Stores Inc.,",37680000.0,Transport,2018
Cred,Seed,,Bengaluru,Cred is a platform to celebrate and reward the most creditworthy people of India.,1000000.0,,2018
Meesho,Series C,50000000,Bangalore,"Meesho is an online reseller network of housewives and SMBs, who sell products within their network on social channels.",50000000.0,E-commerce,2018
BhaskarGuru,Seed,1000000,Bhopal,Bhaskarguru.com is your local search Engine,1000000.0,Automative,2018
Gugu,Seed,250000,Coimbatore,Gugu designs & Sells all Electric Connected Two-wheeler's with Network of Open & Free Fast charging Stations across India.,250000.0,Automative,2018
FarmTaaza,Series A,,Bengaluru,Farm Taaza provides expert advice to the farmers on improving the yield and improving the field operations of the farmer.,1000000.0,Agriculture,2018
Vizzbee,Pre-Seed,20000,Bhopal,Autonomous Drone Solutions for last mile delivery as well as search and rescue,20000.0,AI,2018
BIGPHI TECHNOLOGIES PVT. LTD.,Angel,900000,Bangalore,BIGPHI technologies is the India's first technologically advanced apparel and wearable company.,900000.0,Lifestyle,2018
Mobycy,Angel,,Gurgaon,India's 1st Dockless Bicycle Sharing App,1000000.0,Lifestyle,2018
Traveo Soft Pvt. Ltd.,Undisclosed,175200.0,Bangalore,AI based Business Travel & Expense management,1000000.0,Transport,2018
Em Personal Care,Seed,,Worli,Em Personal Care is a Cosmetic products manufacturing Company.,1000000.0,Lifestyle,2018
Lucideus,Venture - Series Unknown,5000000,New Delhi,"Lucideus is a cybersecurity company that offers its customers with consultancy, training, and solutions to counteract cyber-attacks.",5000000.0,Edtech,2018
Eupheus Learning,Seed,,Delhi,Eupheus Learning offers a seamless integrated learning solution for the K-12 market in India.,1000000.0,Edtech,2018
GamingMonk,Series A,5840000.0,New Delhi,"GamingMonk is an eSports gaming company based out of New Delhi, India.",1000000.0,Esports,2018
Sukkhi Jewellery,Venture - Series Unknown,74460000.0,Mumbai,Sukkhi Jewellery is a Contemporary fashion jewellery brand.,1000000.0,LIfestyle,2018
INDwealth,Seed,321200000.0,Gurgaon,INDwealth is an Artificial Intelligence (AI) powered wealth management company,1000000.0,Financial service,2018
Medikabazaar,Series A,5000000,Mumbai,India's largest medical and surgical supplies marketplace,5000000.0,Healthtech,2018
NIRA,Seed,1000000,Bangalore,"NIRA promotes financial inclusion by creating simple, transparent products that empower individuals to live a life of choice and freedom.",1000000.0,Fintech,2018
Duroflex Pvt. Ltd.,Private Equity,22000000,Alleppey,Duroflex Pvt. Ltd. operates as a dominant mattress player.,22000000.0,Manufacturing,2018
Clensta,Seed,,New Delhi,A biotechnology start-up was incorporated to improve the National Hygiene condition whilst addressing the aspect of water conservation.,1000000.0,Biotech,2018
Jetbrain Robotics,Seed,70000,Gurgaon,"Jetbrain Robotics is Hong Kong / Gurgaon based company, building advanced robotic transportation solutions for multi speciality hospitals.",70000.0,Healthtech,2018
Medimetry,Seed,,Haryana,"MediMetry is an online platform where patients can consult specialists doctors online - from anywhere, at anytime.",1000000.0,Healthtech,2018
Healthkart,Venture - Series Unknown,10000000,Gurgaon,"The one stop shop for health, fitness & beauty.",10000000.0,Healthtech,2018
Indiabulls Ventures,Post-IPO Equity,2247232000.0,Mumbai,Indiabulls Ventures Limited is one of India’s leading capital market companies providing securities and derivative broking services.,1000000.0,Fintech,2018
Vistara,Private Equity,2920000000.0,Haryana,Vistara is a joint venture of Tata Sons Limited and Singapore Airlines Limited (SIA),1000000.0,AI,2018
ClearTax,Series B,584000000.0,New Delhi,ClearTax India helps individuals prepare and e-file their Income Tax Return online.,1000000.0,Fintech,2018
Shuttl,Debt Financing,1000000,Gurgaon,"Shuttl provides an app-based office shuttle service to make daily commute safe, reliable, affordable and dignified for everyone.",1000000.0,Transport,2018
GuruQ,Seed,3650000.0,New Delhi,A one of its kind digital integrated platform connecting tutors and students.,1000000.0,Edtech,2018
Azure Power,Post-IPO Equity,185000000,New Delhi,"Azure Power produces and distributes solar power to commercial, government, and utility customers in India.",185000000.0,Energy,2018
Cube,Series A,20440000.0,Mumbai,Cube is consumer banking focused fintech company.,1000000.0,Fintech,2018
RAHI Care,Venture - Series Unknown,,Chandigarh,RAHI Care is a Health Care company.,1000000.0,Healthtech,2018
Mynvax,Angel,,Bangalore,Mynvax is a biotech Company.,1000000.0,Biotech,2018
Loans4SME,Seed,,Mumbai,Loans4SME is an alternative lending platform.,1000000.0,Financial service,2018
UpCyclersLab,Seed,,Mumbai,UpCyclersLab is a startup that makes sustainability-based learning tools for children above the age of five.,1000000.0,Edtech,2018
Cellerite Systems,Seed,,Hyderabad,Cellerite Systems is a charging solutions provider for electric vehicles.,1000000.0,Automative,2018
Taru Naturals,Seed,,Mumbai,Taru Naturals is a network that connects farmer communities with clean technology and renewable energy.,1000000.0,Agriculture,2018
LetsMD,Seed,1000000,New Delhi,LetsMD.com is a marketplace for elective surgeries,1000000.0,Healthtech,2018
Twenty Two Motors,Corporate Round,65000000,Haryana,Twenty Two Motors aim of making cutting edge EV technology affordable for the current generation.,65000000.0,Automative,2018
Truebil,Series A,2000000,Mumbai,"Truebil is a team of young, highly motivated professionals who strive to help you buy and sell used cars in the simplest way possible.",2000000.0,E-commerce,2018
FarmersFZ,Seed,,Kochi,FarmersFZ is an online venture for fresh and safe vegetables and agri products.,1000000.0,Agrictech,2018
Worxogo,Series A,24090000.0,Bangalore,worxogo’s is a pioneering persuasive technology products align employee behaviours .,1000000.0,IT,2018
Vivish Technologies (myGate),Series A,94900000.0,Bengaluru,India's leading mobile based security management solution .,1000000.0,Information technology,2018
Singularity Dynamics,Seed,,Bengaluru,Singularity Dynamics is a Chip-design testing startup.,1000000.0,AI,2018
Virtual MetalStreet(MetalStreet),Angel,700000,Bengaluru,Virtual MetalStreet(Metalstreet) is a B2B marketplace for steel trading in India,700000.0,B2B,2018
Veritas Finance,Venture - Series Unknown,30000000,Guindy,Veritas Finance has been promoted with a primary purpose of meeting the working capital and business credit requirements of the small bus.,30000000.0,Financial service,2018
Manjushree Technopack,Private Equity,,Bangalore,Manjushree Technopack is a Rigid plastics packaging convertor in India and South Asia.,1000000.0,Manufacturing,2018
GoZefo,Venture - Series Unknown,30659999.999999996,Bangalore,Startup working on a white space in the eCommerce industry.,1000000.0,E-commerce,2018
Zomato,Secondary Market,210000000,Gurgaon,Zomato is a search app offering detailed information for restaurants as well as online food delivery.,210000000.0,Hospitality,2018
Innov8 Coworking,Seed,4000000,New Delhi,Innov8 is a Y- Combinator backed company that offers coworking and shared office spaces.,4000000.0,Real Estate,2018
RevFin,Seed,,Delhi,RevFin is a digital lending company.,1000000.0,Fintech,2018
Lavelle Networks,Venture - Series Unknown,2920000.0,Bengaluru,Lavelle Networks provides Software Defined WAN (SD-WAN) Solutions to build end to end Enterprise Networking Platforms for tomorrow,1000000.0,Technology,2018
Blackbuck,Series D,296321600.0,Bengaluru,Blackbuck is a logistics startup based in India.,1000000.0,Logistics,2018
Cardekho,Series C,75000000,Gurgaon,Cardekho is a car search venture that helps users buy cars that are right for them.,75000000.0,E-commerce,2018
ElasticRun,Series B,87600000.0,Pune,ElasticRun develops an online system that improves the reception of orders from customers and the dispatch of delivery drivers in India.,1000000.0,Transport,2018
Droom Technology Private Limited,Series E,30000000,Gurgaon,Droom is a marketplace for automobiles and automobile services.,30000000.0,E-commerce,2018
Vogo Rentals,Debt Financing,11680000.0,Kormangala,Vogo is a dockless scooter rental company in India which lets customers rent scooters for short one way trips.,1000000.0,Transport,2018
InnerChef,Venture - Series Unknown,1760000,Gurgaon,InnerChef is an online food discovery and delivery experience that will make the foodie in you come alive.,1760000.0,Food and beverage,2018
LivQuik,Corporate Round,2700000,Mumbai,LivQuik was incorporated with the vision to simplify payments for merchants and consumers in an increasingly digital world,2700000.0,E-commerce,2018
Disprz,Debt Financing,400000,Chennai,"Disprz is a one-of-its-kind “knowledge-tech” start-up that strives to make people knowledgeable, productive and smarter at what they do.",400000.0,Education,2018
9stacks,Series A,40880000.0,Delhi,Online gaming startup.,1000000.0,Esport,2018
Origo,Venture - Series Unknown,116800000.0,Gurgaon,"Origo Commodities, a complete post-harvest management services for agricultural commodities, is the fastest growing company in its sector.",1000000.0,,2018
YourOwnROOM,Seed,750000,Bangalore,"Good quality, strategically located homes closer to work for millennials",750000.0,Real Estate,2018
Vahdam Teas,Series B,2500000,New Delhi,Vahdam Teas is a vertically integrated online-first tea brand that sources premium garden fresh teas direct from over 150+ tea plantations.,2500000.0,Food and Beverage,2018
Spoofin,Venture - Series Unknown,,New Delhi,A social networking app that lets you create and view Spoofs of your favourite videos.,1000000.0,Entertainment,2018
Strom Motors,Angel,,Mumbai,Strom Motors is a smart urban mobility Company.,1000000.0,Automative,2018
PharmEasy,Series C,80000000,Mumbai,PharmEasy - Indias largest healthcare delivery platform,80000000.0,Pharmaceutical,2018
Licious,Series C,25000000,Bengaluru,"Licious is an online meat and fish ordering startup that solves existing problem of finding safe, delectable, trustworthy fresh meat.",25000000.0,Food and Beverage,2018
Stanza Living,Venture - Series Unknown,106580000.0,New Delhi,Stanza Living is a co-living platform created for students moving to a new place.,1000000.0,Accommodation,2018
docturnal,Seed,,Hyderabad,"Docturnal, an online platform, enables individuals to find information and diagnostic services related to diabetes, cancer, and more.",1000000.0,Biotech,2018
Bounce (Metro Bikes),Debt Financing,3000000,Bangalore,"Bounce (formerly Metro Bikes) is an urban mobility solution that makes daily commute stress-free, time-saving, reliable, and convenient.",3000000.0,Transport,2018
Technology 9 Labs (T9L),Corporate Round,,New Delhi,Technology 9 Labs is an Information Technology and Services company.,1000000.0,IT,2018
Goals101,Seed,3500000,Delhi,Goals101 is a one of the fastest growing big-data platforms.,3500000.0,Financial service,2018
Satya MicroCapital,Venture - Series Unknown,58400000.0,New Delhi,New Delhi-based non-banking financial company.,1000000.0,Fintech,2018
Ummeed Housing Finance Private Limited,Series C,87600000.0,Haryana,Ummeed Housing Finance Private Limited,1000000.0,Fintech,2018
StockEdge,Seed,1100000,Kolkata,"StockEdge is a unique platform, which is 100% focused on research and analytics",1100000.0,Software,2018
Sequretek,Venture - Series Unknown,3700000,Mumbai,Sequretek is a cyber security start-up.,3700000.0,,2018
Avenues Payments India Pvt. Ltd.,Corporate Round,1300000,Mumbai,Avenues Payments is an IT solutions provider for the remittance\money transfer and forex industries.,1300000.0,,2018
Qbera,Venture - Series Unknown,20440000.0,Bangalore,Qbera is a managed marketplace for unsecured personal loans.,1000000.0,Fintech,2018
Urban Ladder,Debt Financing,5600000,Bangalore,Urban Ladder is a Bangalore-based online furniture company.,5600000.0,E-commerce,2018
Planet11 eCommerce Solutions India (Avenue11),Corporate Round,37960000.0,Bengaluru,"Planet11 is backed by SK Planet, which is a part of the SK Group – one of the largest conglomerates in South Korea.",1000000.0,,2018
DailyNinja,Series A,,Bengaluru,"Daily Ninja, a mobile app that delivers daily needs on a subscription model",1000000.0,Software,2018
Iba Halal Care,Series A,21900000.0,Ahmedabad,Iba Halal Care is a cosmetics brand company.,1000000.0,,2018
Knocksense,Seed,,Lucknow,Knocksense is a fast growing lifestyle website.,1000000.0,Media,2018
Togedr,Venture - Series Unknown,,Gurgaon,Togedr is an activity discovery & booking platform.,1000000.0,,2018
Parkwheels,Seed,1752000.0,Haryana,"Parkwheels aims at solving the big, bad & unsexy parking problems of India.",1000000.0,Automation,2018
ShareChat,Series C,99230000,Bangalore,ShareChat is a social networking and regional content platform for the fast growing Internet users in India.,99230000.0,Media,2018
Cyclops Medtech,Seed,1000000,Bangalore,Medtech startup working on clinical and wearable diagnostic and rehab products for neuro vestibular disorders using eye tracking technology.,1000000.0,Healthtech,2018
Livspace,Series C,70000000,Bangalore,"Livspace is the new online shopping destination where you can design, decorate and furnish your dream home.",70000000.0,E-commerce,2018
NewsBytes,Seed,1000000,Gurgaon,NewsBytes provides your everyday news in a contextual timeline to reduce information overload.,1000000.0,Media,2018
Leena AI,Seed,2000000,Gurgaon,Leena is smart AI powered HR companion dedicated towards engaging employees.,2000000.0,Human Resources,2018
Max Healthcare,Corporate Round,,New Delhi,Max Healthcare is one of the leading chain of hospitals in India.,1000000.0,Logistics,2018
GoBolt,Venture - Series Unknown,58400000.0,New Delhi,Delhi-based logistics technology.,1000000.0,Logisticstech,2018
GoGaga,Non-equity Assistance,40000,Bangalore City,GoGaga is a new age dating app that has removed the mindless swiping on strangers and connects users through their network and find matches.,40000.0,Lifestyle,2018
Mate Labs,Seed,550000,Bangalore,Mate Labs is a machine learning solutions platform for beginners.,550000.0,AI,2018
Furlenco,Series C,,Bangalore,Furlenco is a Bangalore-based company that offers a home furniture subscription program.,1000000.0,Real Estate,2018
Ola,Venture - Series Unknown,50000000,Kormangala,Ola is a mobile app that brings together cab drivers and customers using technology to make transportation hassle-free in India.,50000000.0,Transport,2018
DocPrime,Funding Round,50000000,Haryana,DocPrime offers a one-stop healthcare solution right at the comfort of patients' homes.,50000000.0,Healthtech,2018
CLP India Pvt. Ltd.,Private Equity,365000000,Mumbai,CLP India Pvt. Ltd. is a foreign investor in the Indian power sector.,365000000.0,Energy,2018
Xplorabox,Seed,,Noida,Xplorabox is as an educational activity box subscription startup aiming to revolutionize the early education industry.,1000000.0,Edtech,2018
Myra,Venture - Series Unknown,1277500.0,Bangalore,Myra is a unique solution of technology and operations that makes buying medicines fast and efficient.,1000000.0,Healthtech,2018
Vokal,Series A,1500000,Bengaluru,India's Largest Peer-to-Peer Knowledge Sharing Platform in Indian Languages.,1500000.0,Software,2018
Kissht,Series C,30000000,Mumbai,"Kissht is a financial technology platform that enables instant, seamless credit for consumers to make purchases at digital points of sales",30000000.0,Fintech,2018
Upwards Fintech,Series A,5000000,Mumbai,Upwards Fintech financial company.,5000000.0,Fintech,2018
Bon(Bonfleet Solutions),Seed,11388000.0,Pune,"Bon, a Pune-based FinTech firm was created to bring financial services to the gig-economy workforce.",1000000.0,FinTech,2018
Mamaearth,Series A,4000000,Gurgaon,Mamaearth is an online retailer specializing in baby and toddler products.,4000000.0,E-commerce,2018
BabyChakra,Series B,,Mumbai,BabyChakra is India's largest & most loved platform to discover the right maternity and childcare.,1000000.0,Software,2018
Belstar Investment and Finance Private Limited,Venture - Series Unknown,28000000,Chennai,Belstar Investment and Finance Private Limited is a provider of scalable microfinance services to entrepreneurs.,28000000.0,Fintech,2018
Naaptol,Venture - Series Unknown,15000000,Mumbai,"Koku Gamer is an online platform that offers gaming related news, editorials, reviews, previews, and other content.",15000000.0,E-commerce,2018
Moonshine Meadery,Seed,,Pune,Moonshine Meadery is a first craft meadery.,1000000.0,Food and Beverage,2018
Verzeo,Series A,5000000,Bangalore,Verzeo is anAI-focussed edtech startup.,5000000.0,E-Learning,2018
Haazri,Seed,1825000.0,Mumbai,Haazri is a tea and snack quick service restaurant startup,1000000.0,Food and Beverage,2018
Connect India,Angel,,New Delhi,"To create pervasive network where connections are simpler, more powerful, more affordable, more global and more available to all.",1000000.0,Logistics,2018
Flyrobe,Series B,38544000.0,Mumbai,Flyrobe is an on-demand apparel rental platform that provides premium designer wear.,1000000.0,Fashion,2018
Scholify,Pre-Seed,,Bengaluru,Edutech,1000000.0,,2018
Dream11,Series D,100000000,Mumbai,"Dream11 is India’s Biggest Sports Game with 30 million+ users playing Fantasy Cricket, Football, Kabaddi and NBA.",100000000.0,Esports,2018
srJna,Seed,,Jaipur,"SRJNA is a brand of Elation Edtech Pvt. Ltd., which helps schools to integrate hands on, affordable and turnkey STEM.",1000000.0,Education,2018
Nykaa,Secondary Market,164980000.0,Mumbai,Nykaa.com is a premier online beauty and wellness destination,1000000.0,Lifestyle,2018
Chaayos,Series B,118260000.0,New Delhi,Chaayos was born in November 2012 out of this premise - a contemporary interpretation of the chai adda.,1000000.0,Food and Beverage,2018
Heelium,Seed,,Pune,Heelium is an athletic footwear and wearable startup with primary focus on sports safety and sustainability.,1000000.0,Manufacturing,2018
LT Foods,Post-IPO Equity,204400000.0,New Delhi,LT Foods believe that nature will continue to nurture us until we as a species continue to breathe and live.,1000000.0,Food and Beverage,2018
Multibashi,Seed,1460000.0,Bengaluru,Free language learning platform.,1000000.0,E-learning,2018
Cleardekho,Venture - Series Unknown,,Ghaziabad,Uttar Pradesh based online eyewear marketplace.,1000000.0,IT,2018
Dailyhunt,Series E,6000000,Bangalore,NewsHunt is a Bangalore based eBooks company.,6000000.0,Ebook,2018
SlicePay,Series A,14900000,Bengaluru,SlicePay is an AI based instant credit app for youngsters in India.,14900000.0,Fintech,2018
Udaan,Series C,225000000,Bangalore,"Udaan is a B2B trade platform, designed specifically for small and medium businesses in India.",225000000.0,B2B,2018
Happyeasygo Group,Series A,,Haryana,HappyEasyGo is an online travel domain.,1000000.0,Transport,2018
Mombay,Seed,7500,Mumbai,Mombay is a unique opportunity for housewives to start household food business and avail everyone with their homemade healthy dishes.,7500.0,Food and Beverage,2018
Droni Tech,Seed,5110000.0,Mumbai,Droni Tech manufacture UAVs and develop software to service a range of industry requirements.,1000000.0,IT,2018
Netmeds,Series C,35000000,Chennai,Welcome to India's most convenient pharmacy!,35000000.0,Pharmaceutical,2018
